Date,Time,Relative_time,Temperature,Resonance_Frequency,Dissipation
2022-03-15,09:06:02,0.0,19.72,5001001.13,0.0009413715380974919
2022-03-15,09:06:02,0.11,20.15,5001001.29,0.0009413421805845808
2022-03-15,09:06:03,0.3,20.57,5001001.27,0.0009412515046186273
2022-03-15,09:06:03,0.4,21.13,5001001.33,0.0009411688430923886
2022-03-15,09:06:03,0.55,21.42,5001001.39,0.000941390174085657
2022-03-15,09:06:03,0.7,21.42,5001001.45,0.0009412461616985647
2022-03-15,09:06:03,0.82,21.42,5001001.69,0.0009409688293951735
2022-03-15,09:06:03,1.0,21.42,5001001.85,0.000940904857412154
2022-03-15,09:06:03,1.1,21.42,5001001.59,0.0009409075660681865
2022-03-15,09:06:04,1.24,21.42,5001001.75,0.000940608883288577
2022-03-15,09:06:04,1.4,21.42,5001001.77,0.0009405262596160093
2022-03-15,09:06:04,1.52,21.42,5001001.78,0.0009403715876861693
2022-03-15,09:06:04,1.7,21.42,5001002.08,0.0009402649161953332
2022-03-15,09:06:04,1.8,21.42,5001002.38,0.0009400569016949099
2022-03-15,09:06:04,2.0,21.42,5001002.71,0.0009397102144847532
2022-03-15,09:06:04,2.11,21.42,5001002.83,0.0009396302079657698
2022-03-15,09:06:05,2.24,21.42,5001002.93,0.0009395315346379667
2022-03-15,09:06:05,2.4,21.42,5001003.17,0.0009396355112282107
2022-03-15,09:06:05,2.52,21.42,5001003.22,0.0009397207873202154
2022-03-15,09:06:05,2.7,21.42,5001003.15,0.0009398514364968995
2022-03-15,09:06:05,2.8,21.43,5001003.08,0.0009400194279725049
2022-03-15,09:06:05,2.93,21.43,5001002.99,0.0009401180811638022
2022-03-15,09:06:05,3.1,21.43,5001003.12,0.0009402273938514048
2022-03-15,09:06:05,3.22,21.43,5001003.16,0.0009402940119135304
2022-03-15,09:06:06,3.4,21.43,5001003.1,0.0009403740071442152
2022-03-15,09:06:06,3.5,21.43,5001002.99,0.00094036071434019
2022-03-15,09:06:06,3.63,21.43,5001002.97,0.0009403446886039972
2022-03-15,09:06:06,3.8,21.43,5001003.09,0.0009403606790589163
2022-03-15,09:06:06,3.92,21.43,5001003.22,0.0009404059831253389
2022-03-15,09:06:06,4.1,21.43,5001003.32,0.0009402887420021604
2022-03-15,09:06:06,4.21,21.43,5001003.76,0.0009402992815658187
2022-03-15,09:06:07,4.34,21.43,5001002.82,0.000940400680583411
2022-03-15,09:06:07,4.5,21.43,5001003.22,0.0009403873242227671
2022-03-15,09:06:07,4.64,21.43,5001003.5,0.0009403445931879884
2022-03-15,09:06:07,4.8,21.44,5001003.73,0.0009404138811527545
2022-03-15,09:06:07,4.92,21.44,5001003.29,0.0009406218699660676
2022-03-15,09:06:07,5.1,21.44,5001003.61,0.0009406964825853386
2022-03-15,09:06:07,5.2,21.44,5001004.11,0.0009407550889509405
2022-03-15,09:06:08,5.34,21.44,5001003.93,0.000940909719350728
2022-03-15,09:06:08,5.5,21.44,5001003.83,0.0009411043671221726
2022-03-15,09:06:08,5.63,21.44,5001003.65,0.0009413790280388311
2022-03-15,09:06:08,5.8,21.44,5001003.81,0.0009415602884049447
2022-03-15,09:06:08,5.92,21.44,5001003.85,0.0009417469328213242
2022-03-15,09:06:08,6.11,21.44,5001004.02,0.0009417602269264718
2022-03-15,09:06:08,6.21,21.44,5001004.17,0.0009418214926701562
2022-03-15,09:06:09,6.33,21.44,5001004.33,0.0009420134477993988
2022-03-15,09:06:09,6.51,21.44,5001004.57,0.000942066724068802
2022-03-15,09:06:09,6.63,21.44,5001004.58,0.0009422346852440283
2022-03-15,09:06:09,6.8,21.45,5001004.39,0.0009424933241151804
2022-03-15,09:06:09,6.9,21.45,5001004.18,0.0009427786669191402
2022-03-15,09:06:09,7.1,21.45,5001003.95,0.0009430426618897854
2022-03-15,09:06:09,7.2,21.45,5001003.91,0.0009432453017835836
2022-03-15,09:06:10,7.33,21.45,5001003.61,0.00094350129336925
2022-03-15,09:06:10,7.5,21.45,5001003.73,0.0009437092707001249
2022-03-15,09:06:10,7.62,21.45,5001004.0,0.0009436132079269017
2022-03-15,09:06:10,7.8,21.45,5001004.03,0.0009438105066507278
2022-03-15,09:06:10,7.9,21.45,5001004.09,0.0009438371189342935
2022-03-15,09:06:10,8.03,21.45,5001004.13,0.0009440424186301881
2022-03-15,09:06:10,8.2,21.45,5001004.13,0.0009442343737215606
2022-03-15,09:06:11,8.32,21.45,5001003.89,0.0009444663488028022
2022-03-15,09:06:11,8.5,21.45,5001003.99,0.0009445836321696524
2022-03-15,09:06:11,8.6,21.45,5001004.09,0.0009448422732308516
2022-03-15,09:06:11,8.73,21.46,5001003.8,0.0009450822541766146
2022-03-15,09:06:11,8.9,21.46,5001003.72,0.0009452368820345116
2022-03-15,09:06:11,9.02,21.46,5001003.76,0.0009455035179209573
2022-03-15,09:06:11,9.2,21.46,5001003.67,0.0009457354939910661
2022-03-15,09:06:12,9.3,21.46,5001003.49,0.0009459168150735266
2022-03-15,09:06:12,9.43,21.46,5001003.41,0.0009460528118613667
2022-03-15,09:06:12,9.6,21.46,5001003.36,0.0009461088234235833
2022-03-15,09:06:12,9.72,21.46,5001003.41,0.0009460607789282363
2022-03-15,09:06:12,9.9,21.46,5001003.43,0.0009460394536544011
2022-03-15,09:06:12,10.0,21.46,5001003.55,0.000945932808373291
2022-03-15,09:06:12,10.13,21.46,5001003.67,0.0009459061344348773
2022-03-15,09:06:13,10.3,21.46,5001004.24,0.0009455406732704573
2022-03-15,09:06:13,10.42,21.46,5001004.54,0.0009455486527690772
2022-03-15,09:06:13,10.6,21.47,5001004.59,0.0009456739841756744
2022-03-15,09:06:13,10.7,21.47,5001004.52,0.0009456606711397539
2022-03-15,09:06:13,10.9,21.47,5001004.58,0.0009456473392815634
2022-03-15,09:06:13,11.0,21.47,5001004.61,0.0009456287315529472
2022-03-15,09:06:13,11.12,21.47,5001004.47,0.0009459166942539684
2022-03-15,09:06:14,11.3,21.47,5001003.9,0.0009459913681827271
2022-03-15,09:06:14,11.4,21.47,5001003.78,0.0009461113871234116
2022-03-15,09:06:14,11.54,21.47,5001003.77,0.0009460153976009508
2022-03-15,09:06:14,11.7,21.47,5001003.61,0.0009461887870856124
2022-03-15,09:06:14,11.82,21.47,5001003.53,0.0009460048529731954
2022-03-15,09:06:14,12.0,21.47,5001003.85,0.0009458447925049748
2022-03-15,09:06:14,12.1,21.47,5001003.73,0.0009459008051541076
2022-03-15,09:06:15,12.24,21.47,5001003.57,0.0009459941422682393
2022-03-15,09:06:15,12.4,21.48,5001003.39,0.000946028813313616
2022-03-15,09:06:15,12.52,21.48,5001003.69,0.0009460208224062215
2022-03-15,09:06:15,12.75,21.48,5001003.52,0.000945975470336048
2022-03-15,09:06:15,12.83,21.48,5001003.19,0.0009461088438910803
2022-03-15,09:06:15,12.95,21.48,5001003.23,0.0009461621816503459
2022-03-15,09:06:16,14.09,21.48,5001001.91,0.0009461010644445832
2022-03-15,09:06:16,14.09,21.48,5001001.91,0.0009461010644445832
2022-03-15,09:06:16,14.09,21.48,5001001.91,0.0009461010644445832
2022-03-15,09:06:16,14.09,21.48,5001001.91,0.0009461010644445832
2022-03-15,09:06:16,14.09,21.48,5001001.91,0.0009461010644445832
2022-03-15,09:06:16,14.09,21.48,5001001.91,0.0009461010644445832
2022-03-15,09:06:16,14.1,21.48,5001001.91,0.0009461010644445832
2022-03-15,09:06:16,14.1,21.48,5001001.91,0.0009461010644445832
2022-03-15,09:06:16,14.2,21.48,5001001.58,0.0009459571608707447
2022-03-15,09:06:17,14.33,21.49,5001001.38,0.0009458932542069935
2022-03-15,09:06:17,14.5,21.49,5001000.96,0.0009456560270234406
2022-03-15,09:06:17,14.62,21.49,5001000.47,0.0009456321424280861
2022-03-15,09:06:17,14.8,21.49,5000999.77,0.0009456669106589502
2022-03-15,09:06:17,14.9,21.49,5000999.35,0.00094554168887465
2022-03-15,09:06:17,15.03,21.49,5000999.0,0.0009455337875163371
2022-03-15,09:06:17,15.2,21.49,5000998.71,0.0009453925213440624
2022-03-15,09:06:18,15.32,21.49,5000998.42,0.0009451525890376961
2022-03-15,09:06:18,15.5,21.49,5000998.01,0.000945206040039346
2022-03-15,09:06:18,15.6,21.49,5000997.65,0.0009451101244957936
2022-03-15,09:06:18,15.73,21.49,5000997.57,0.0009448808366606686
2022-03-15,09:06:18,15.9,21.49,5000997.1,0.0009448275843050922
2022-03-15,09:06:18,16.02,21.49,5000996.96,0.0009447023100011805
2022-03-15,09:06:18,16.2,21.49,5000996.59,0.00094459304884615
2022-03-15,09:06:19,16.3,21.49,5000996.53,0.0009444277571006954
2022-03-15,09:06:19,16.43,21.49,5000996.6,0.0009442384854889002
2022-03-15,09:06:19,16.6,21.49,5000996.51,0.0009440811973027688
2022-03-15,09:06:19,16.7,21.49,5000996.23,0.0009439719072764095
2022-03-15,09:06:19,16.9,21.49,5000996.32,0.0009437852704229085
2022-03-15,09:06:19,17.0,21.49,5000996.29,0.000943841337715974
2022-03-15,09:06:19,17.13,21.5,5000996.17,0.0009437080323533438
2022-03-15,09:06:20,17.3,21.5,5000994.97,0.0009438761772125306
2022-03-15,09:06:20,17.4,21.5,5000994.66,0.0009437615737815794
2022-03-15,09:06:20,17.6,21.5,5000994.71,0.0009436176113664717
2022-03-15,09:06:20,17.7,21.5,5000994.4,0.0009435856655860677
2022-03-15,09:06:20,17.83,21.5,5000994.31,0.0009434497142077952
2022-03-15,09:06:20,18.0,21.5,5000994.2,0.0009433644369163003
2022-03-15,09:06:20,18.12,21.5,5000994.27,0.0009432337936678796
2022-03-15,09:06:21,18.3,21.5,5000994.14,0.0009431138315972179
2022-03-15,09:06:21,18.4,21.5,5000994.35,0.0009428898409645298
2022-03-15,09:06:21,18.53,21.5,5000994.15,0.000942852537719834
2022-03-15,09:06:21,18.7,21.5,5000994.17,0.0009426765627110254
2022-03-15,09:06:21,18.82,21.5,5000994.03,0.000942721925878043
2022-03-15,09:06:21,19.0,21.5,5000993.71,0.0009427059894595916
2022-03-15,09:06:21,19.1,21.5,5000993.52,0.0009427033711464991
2022-03-15,09:06:22,19.23,21.5,5000993.01,0.0009426981055750391
2022-03-15,09:06:22,19.4,21.5,5000993.07,0.000942567456523654
2022-03-15,09:06:22,19.52,21.5,5000992.99,0.0009424501630068274
2022-03-15,09:06:22,19.7,21.5,5000993.17,0.0009422501825088102
2022-03-15,09:06:22,19.8,21.5,5000993.2,0.0009420928817703303
2022-03-15,09:06:22,19.93,21.5,5000992.98,0.0009420129292463001
2022-03-15,09:06:22,20.1,21.5,5000992.96,0.0009418956305608922
2022-03-15,09:06:23,20.24,21.5,5000992.95,0.0009417863404812098
2022-03-15,09:06:23,20.4,21.5,5000993.15,0.0009414663592396178
2022-03-15,09:06:23,20.51,21.5,5000992.77,0.0009414077369957795
2022-03-15,09:06:23,20.7,21.5,5000992.94,0.0009413437448565825
2022-03-15,09:06:23,20.8,21.5,5000993.04,0.0009413144062109063
2022-03-15,09:06:23,20.93,21.5,5000993.36,0.0009412316807245197
2022-03-15,09:06:23,21.1,21.5,5000993.51,0.0009411596167001947
2022-03-15,09:06:23,21.22,21.5,5000993.79,0.0009413222335651468
2022-03-15,09:06:24,21.4,21.5,5000994.23,0.0009411674785285576
2022-03-15,09:06:24,21.5,21.5,5000994.93,0.0009412047269959875
2022-03-15,09:06:24,21.63,21.5,5000995.08,0.0009412206548575204
2022-03-15,09:06:24,21.8,21.51,5000995.55,0.0009411299452639667
2022-03-15,09:06:24,21.92,21.51,5000995.85,0.0009412232249662775
2022-03-15,09:06:24,22.1,21.51,5000996.11,0.0009412231684681279
2022-03-15,09:06:24,22.2,21.51,5000996.03,0.0009413404684767091
2022-03-15,09:06:25,22.33,21.51,5000996.38,0.0009413324098160511
2022-03-15,09:06:25,22.5,21.51,5000996.84,0.0009412123397276854
2022-03-15,09:06:25,22.62,21.51,5000997.05,0.0009412362923247922
2022-03-15,09:06:25,22.8,21.51,5000997.25,0.0009412975983438688
2022-03-15,09:06:25,22.9,21.51,5000997.59,0.0009411615543637228
2022-03-15,09:06:25,23.03,21.51,5000997.65,0.000941198861435633
2022-03-15,09:06:25,23.2,21.51,5000998.01,0.0009411854840279934
2022-03-15,09:06:26,23.3,21.51,5000998.13,0.0009411881212806543
2022-03-15,09:06:26,23.5,21.51,5000998.2,0.0009412574457848781
2022-03-15,09:06:26,23.6,21.51,5000998.26,0.0009412627441879222
2022-03-15,09:06:26,23.73,21.51,5000998.28,0.0009413854076317809
2022-03-15,09:06:26,23.9,21.51,5000998.3,0.0009414013831204432
2022-03-15,09:06:26,24.02,21.51,5000998.57,0.0009413800226953235
2022-03-15,09:06:26,24.2,21.51,5000998.54,0.0009414280143335459
2022-03-15,09:06:27,24.3,21.51,5000998.57,0.0009414039788861736
2022-03-15,09:06:27,24.43,21.51,5000998.53,0.0009415239938466292
2022-03-15,09:06:27,24.6,21.51,5000998.48,0.0009415693156067736
2022-03-15,09:06:27,24.72,21.51,5000998.68,0.0009415346257203453
2022-03-15,09:06:27,24.9,21.51,5000998.73,0.0009415186088669293
2022-03-15,09:06:27,25.0,21.51,5000998.95,0.0009414732506199731
2022-03-15,09:06:27,25.14,21.52,5000999.02,0.000941441231907645
2022-03-15,09:06:28,25.3,21.52,5000999.11,0.0009412519154295875
2022-03-15,09:06:28,25.42,21.52,5000999.05,0.000941281246646324
2022-03-15,09:06:28,25.6,21.52,5000999.11,0.0009413452312525728
2022-03-15,09:06:28,25.7,21.52,5000999.18,0.0009413692239665311
2022-03-15,09:06:28,25.83,21.52,5000998.99,0.0009414198906322657
2022-03-15,09:06:28,26.0,21.52,5000999.11,0.0009413932141902848
2022-03-15,09:06:28,26.12,21.52,5000999.29,0.000941433217500958
2022-03-15,09:06:29,26.3,21.52,5000999.39,0.0009413451922920809
2022-03-15,09:06:29,26.4,21.52,5000999.29,0.0009413638589857174
2022-03-15,09:06:29,26.54,21.52,5000999.39,0.0009413585066692763
2022-03-15,09:06:29,26.7,21.52,5000999.39,0.0009413691724921372
2022-03-15,09:06:29,26.82,21.52,5000999.59,0.000941259800966799
2022-03-15,09:06:29,27.0,21.52,5000999.67,0.0009412624595352391
2022-03-15,09:06:29,27.1,21.52,5000999.85,0.0009412597894795521
2022-03-15,09:06:30,27.24,21.52,5000999.71,0.0009412944680776845
2022-03-15,09:06:30,27.4,21.52,5000999.55,0.0009413478069762274
2022-03-15,09:06:30,27.52,21.52,5000999.59,0.0009414118092234405
2022-03-15,09:06:30,27.7,21.53,5000999.46,0.0009414838148572223
2022-03-15,09:06:30,27.8,21.53,5000999.43,0.0009415798284192126
2022-03-15,09:06:30,27.93,21.53,5000999.17,0.0009415878455576146
2022-03-15,09:06:30,28.1,21.53,5000999.53,0.0009414971515453835
2022-03-15,09:06:30,28.22,21.53,5000999.65,0.0009413397954620265
2022-03-15,09:06:31,28.4,21.53,5000999.79,0.0009413211139408466
2022-03-15,09:06:31,28.5,21.53,5000999.51,0.0009413611209198898
2022-03-15,09:06:31,28.64,21.53,5000999.75,0.0009413184488308912
2022-03-15,09:06:31,28.8,21.53,5000999.88,0.0009412971059214232
2022-03-15,09:06:31,28.92,21.53,5000999.98,0.0009412810902195011
2022-03-15,09:06:31,29.1,21.53,5001000.13,0.00094119040286077
2022-03-15,09:06:31,29.2,21.53,5001000.45,0.0009410943829786313
2022-03-15,09:06:32,29.33,21.53,5001000.34,0.0009410890532291523
2022-03-15,09:06:32,29.5,21.53,5001000.11,0.0009411957449380431
2022-03-15,09:06:32,29.62,21.53,5000999.95,0.0009413317567140561
2022-03-15,09:06:32,29.8,21.53,5000999.87,0.0009413771036700355
2022-03-15,09:06:32,29.9,21.53,5000999.64,0.000941427768855766
2022-03-15,09:06:32,30.04,21.53,5000999.77,0.0009414224303439305
2022-03-15,09:06:32,30.2,21.53,5000999.91,0.00094132106851628
2022-03-15,09:06:33,30.32,21.54,5001000.18,0.0009412517177559308
2022-03-15,09:06:33,30.5,21.54,5001000.19,0.0009412090370624607
2022-03-15,09:06:33,30.6,21.54,5001000.35,0.0009411930414810458
2022-03-15,09:06:33,30.73,21.54,5001000.41,0.0009411157048257505
2022-03-15,09:06:33,30.9,21.54,5001000.22,0.0009411610541556496
2022-03-15,09:06:33,31.02,21.54,5001000.16,0.0009412517365793173
2022-03-15,09:06:33,31.2,21.54,5000999.95,0.0009412997408253111
2022-03-15,09:06:34,31.3,21.54,5000999.99,0.0009413184176082733
2022-03-15,09:06:34,31.43,21.54,5001000.05,0.0009412543964592608
2022-03-15,09:06:34,31.6,21.54,5001000.17,0.0009412463843001999
2022-03-15,09:06:34,31.72,21.54,5001000.07,0.0009412703895531426
2022-03-15,09:06:34,31.9,21.54,5000999.99,0.0009413557359498367
2022-03-15,09:06:34,32.0,21.54,5001000.0,0.0009414197255642174
2022-03-15,09:06:34,32.14,21.54,5001000.19,0.0009413130253239276
2022-03-15,09:06:35,32.3,21.54,5001000.22,0.0009413983402356243
2022-03-15,09:06:35,32.42,21.54,5001000.49,0.0009409477036834197
2022-03-15,09:06:35,32.6,21.54,5001000.41,0.0009409797036688528
2022-03-15,09:06:35,32.73,21.54,5001000.55,0.00094108102136806
2022-03-15,09:06:35,32.9,21.54,5001000.9,0.0009408783024435366
2022-03-15,09:06:35,33.03,21.55,5001001.17,0.000940822282340791
2022-03-15,09:06:35,33.2,21.55,5001000.99,0.0009408142877395106
2022-03-15,09:06:36,33.3,21.55,5001001.02,0.0009408463013967531
2022-03-15,09:06:36,33.43,21.55,5001000.86,0.0009409583242471649
2022-03-15,09:06:36,33.6,21.55,5001000.96,0.000940947610841379
2022-03-15,09:06:36,33.72,21.55,5001001.57,0.0009407848972612766
2022-03-15,09:06:36,33.9,21.55,5001001.31,0.0009408062212513671
2022-03-15,09:06:36,34.0,21.55,5001001.67,0.0009407768709648119
2022-03-15,09:06:36,34.14,21.55,5001001.59,0.0009408035335877727
2022-03-15,09:06:37,34.3,21.55,5001001.83,0.0009406914883197279
2022-03-15,09:06:37,34.42,21.55,5001002.2,0.0009406781064636574
2022-03-15,09:06:37,34.6,21.55,5001001.97,0.000940688781125676
2022-03-15,09:06:37,34.7,21.55,5001002.23,0.0009406434154471399
2022-03-15,09:06:37,34.9,21.55,5001002.51,0.0009406140729229225
2022-03-15,09:06:37,35.0,21.55,5001002.73,0.0009405473782072124
2022-03-15,09:06:37,35.12,21.55,5001002.71,0.0009406433777693746
2022-03-15,09:06:38,35.3,21.55,5001002.6,0.0009407793971412898
2022-03-15,09:06:38,35.4,21.55,5001002.28,0.0009408167303077582
2022-03-15,09:06:38,35.6,21.55,5001002.41,0.0009408273898515249
2022-03-15,09:06:38,35.7,21.55,5001002.14,0.0009408754041580579
2022-03-15,09:06:38,35.83,21.55,5001002.31,0.0009408300523305082
2022-03-15,09:06:38,36.0,21.56,5001002.54,0.0009407633739245735
2022-03-15,09:06:38,36.1,21.56,5001002.51,0.0009408113818362706
2022-03-15,09:06:39,36.3,21.56,5001002.5,0.000940779370741216
2022-03-15,09:06:39,36.4,21.56,5001002.49,0.0009407980312192263
2022-03-15,09:06:39,36.53,21.56,5001002.65,0.0009408113316558364
2022-03-15,09:06:39,36.7,21.56,5001003.14,0.0009405099712228916
2022-03-15,09:06:39,36.8,21.56,5001003.26,0.0009404139451187304
2022-03-15,09:06:39,37.0,21.56,5001003.36,0.0009404859568742697
2022-03-15,09:06:39,37.1,21.56,5001003.07,0.0009405339687103291
2022-03-15,09:06:40,37.23,21.56,5001003.0,0.0009405419833457001
2022-03-15,09:06:40,37.4,21.56,5001002.67,0.0009406753414765715
2022-03-15,09:06:40,37.52,21.56,5001002.71,0.0009406780075929462
2022-03-15,09:06:40,37.7,21.56,5001002.67,0.0009407740185329995
2022-03-15,09:06:40,37.8,21.56,5001002.41,0.0009408753642850616
2022-03-15,09:06:40,37.93,21.56,5001002.46,0.0009408726931370982
2022-03-15,09:06:40,38.1,21.56,5001002.64,0.000940744669989427
2022-03-15,09:06:40,38.22,21.56,5001002.78,0.0009407419925213037
2022-03-15,09:06:41,38.4,21.57,5001003.05,0.0009406006259216193
2022-03-15,09:06:41,38.5,21.57,5001003.15,0.0009406299559095236
2022-03-15,09:06:41,38.64,21.57,5001003.21,0.0009405925974891223
2022-03-15,09:06:41,38.8,21.57,5001003.55,0.0009404939155509591
2022-03-15,09:06:41,38.92,21.57,5001003.8,0.0009404192286585826
2022-03-15,09:06:41,39.1,21.57,5001003.85,0.000940352547796568
2022-03-15,09:06:41,39.2,21.57,5001003.45,0.0009405738966304655
2022-03-15,09:06:42,39.33,21.57,5001003.53,0.0009406165610307426
2022-03-15,09:06:42,39.5,21.57,5001003.18,0.0009408938858389422
2022-03-15,09:06:42,39.62,21.57,5001003.08,0.0009409712300799969
2022-03-15,09:06:42,39.8,21.57,5001002.88,0.0009410752547087489
2022-03-15,09:06:42,39.9,21.57,5001002.77,0.000941107264517344
2022-03-15,09:06:42,40.03,21.57,5001002.51,0.0009411846175031685
2022-03-15,09:06:42,40.2,21.57,5001002.82,0.0009410752432876295
2022-03-15,09:06:43,40.32,21.57,5001003.11,0.0009410565828431758
2022-03-15,09:06:43,40.5,21.57,5001003.26,0.0009409738847405598
2022-03-15,09:06:43,40.6,21.57,5001003.19,0.0009409365839907697
2022-03-15,09:06:43,40.73,21.58,5001002.55,0.0009410512950310686
2022-03-15,09:06:43,40.9,21.58,5001002.57,0.0009411579817350216
2022-03-15,09:06:43,41.02,21.58,5001002.21,0.0009412460168646445
2022-03-15,09:06:43,41.2,21.58,5001002.24,0.0009411660152300514
2022-03-15,09:06:44,41.3,21.58,5001002.25,0.0009412487117246359
2022-03-15,09:06:44,41.43,21.58,5001002.07,0.0009412113909626652
2022-03-15,09:06:44,41.6,21.58,5001002.19,0.0009411126975186315
2022-03-15,09:06:44,41.72,21.58,5001001.93,0.0009411927303411323
2022-03-15,09:06:44,41.9,21.58,5001001.91,0.0009412594037293597
2022-03-15,09:06:44,42.0,21.58,5001001.64,0.0009413074179425305
2022-03-15,09:06:44,42.13,21.58,5001001.83,0.0009411527435343577
2022-03-15,09:06:45,42.3,21.58,5001001.84,0.0009410860687503707
2022-03-15,09:06:45,42.42,21.58,5001001.84,0.0009411927743742654
2022-03-15,09:06:45,42.6,21.58,5001001.87,0.0009411314370273977
2022-03-15,09:06:45,42.7,21.58,5001001.81,0.0009411234109975586
2022-03-15,09:06:45,42.83,21.58,5001001.69,0.0009412167707959955
2022-03-15,09:06:45,43.0,21.58,5001001.79,0.0009411234087970009
2022-03-15,09:06:45,43.12,21.58,5001001.76,0.0009411900859725251
2022-03-15,09:06:46,43.3,21.59,5001001.47,0.0009413181268587389
2022-03-15,09:06:46,43.4,21.59,5001001.58,0.0009413127768207815
2022-03-15,09:06:46,43.53,21.59,5001001.57,0.0009413021412413107
2022-03-15,09:06:46,43.7,21.59,5001001.0,0.0009414888355885546
2022-03-15,09:06:46,43.82,21.59,5001000.93,0.000941584856642998
2022-03-15,09:06:46,44.0,21.59,5001000.87,0.00094166753946632
2022-03-15,09:06:46,44.1,21.59,5001000.91,0.0009416675256158241
2022-03-15,09:06:47,44.3,21.59,5001000.75,0.0009417075250768184
2022-03-15,09:06:47,44.4,21.59,5001001.0,0.0009415394997193167
2022-03-15,09:06:47,44.54,21.59,5001001.09,0.0009415501592588291
2022-03-15,09:06:47,44.7,21.59,5001001.05,0.0009415661560381434
2022-03-15,09:06:47,44.82,21.59,5001001.32,0.0009414461322364249
2022-03-15,09:06:47,45.0,21.59,5001001.32,0.0009414621365796506
2022-03-15,09:06:47,45.1,21.59,5001001.17,0.0009415395007321594
2022-03-15,09:06:48,45.23,21.59,5001001.22,0.0009414728122715707
2022-03-15,09:06:48,45.4,21.59,5001001.11,0.0009415128355517943
2022-03-15,09:06:48,45.52,21.59,5001001.01,0.0009415128393198988
2022-03-15,09:06:48,45.7,21.59,5001000.97,0.0009414675076133429
2022-03-15,09:06:48,45.8,21.59,5001000.71,0.0009415581986782848
2022-03-15,09:06:48,45.93,21.59,5001000.67,0.0009416968977423797
2022-03-15,09:06:48,46.1,21.59,5001000.4,0.0009418115879150438
2022-03-15,09:06:48,46.2,21.6,5001000.47,0.0009417129082318946
2022-03-15,09:06:49,46.4,21.6,5001000.35,0.0009418329294585946
2022-03-15,09:06:49,46.51,21.6,5001000.26,0.000941787596353629
2022-03-15,09:06:49,46.64,21.6,5001000.52,0.0009416996024106733
2022-03-15,09:06:49,46.8,21.6,5001000.64,0.0009416115821534173
2022-03-15,09:06:49,46.92,21.6,5001000.3,0.0009416942811867544
2022-03-15,09:06:49,47.1,21.6,5001000.31,0.0009416436033201958
2022-03-15,09:06:49,47.2,21.6,5001000.18,0.0009417182913896919
2022-03-15,09:06:50,47.34,21.6,5000999.93,0.0009418303116832309
2022-03-15,09:06:50,47.5,21.6,5000999.88,0.0009418569943408262
2022-03-15,09:06:50,47.64,21.6,5000999.67,0.0009419290112724814
2022-03-15,09:06:50,47.8,21.6,5000999.73,0.0009419396833712347
2022-03-15,09:06:50,47.92,21.6,5000999.52,0.0009419903613455252
2022-03-15,09:06:50,48.1,21.6,5000999.61,0.0009419796766256396
2022-03-15,09:06:50,48.2,21.6,5000999.46,0.0009420703641928904
2022-03-15,09:06:51,48.34,21.6,5000999.36,0.0009421050351961592
2022-03-15,09:06:51,48.5,21.6,5000999.16,0.0009421930627079836
2022-03-15,09:06:51,48.62,21.6,5000999.07,0.0009422170704580526
2022-03-15,09:06:51,48.8,21.6,5000999.07,0.0009422277425376009
2022-03-15,09:06:51,48.9,21.61,5000999.09,0.000942281085243155
2022-03-15,09:06:51,49.03,21.61,5000999.05,0.0009422704194458997
2022-03-15,09:06:51,49.2,21.61,5000998.52,0.0009424224556936055
2022-03-15,09:06:52,49.32,21.61,5000998.57,0.0009424491257967565
2022-03-15,09:06:52,49.5,21.61,5000998.73,0.0009424064450584922
2022-03-15,09:06:52,49.6,21.61,5000998.65,0.0009424251155020952
2022-03-15,09:06:52,49.74,21.61,5000999.02,0.0009423050817513248
2022-03-15,09:06:52,49.9,21.61,5000998.93,0.000942307746648998
2022-03-15,09:06:52,50.02,21.61,5000998.54,0.0009424784681790759
2022-03-15,09:06:52,50.2,21.61,5000998.7,0.000942366425502067
2022-03-15,09:06:53,50.3,21.61,5000998.83,0.0009422917384390074
2022-03-15,09:06:53,50.44,21.61,5000998.81,0.0009423877606636025
2022-03-15,09:06:53,50.6,21.61,5000998.84,0.0009422970795327673
2022-03-15,09:06:53,50.72,21.61,5000999.19,0.0009422063757155226
2022-03-15,09:06:53,50.9,21.61,5000999.25,0.0009421476956432194
2022-03-15,09:06:53,51.0,21.61,5000999.35,0.0009421636961655386
2022-03-15,09:06:53,51.14,21.61,5000999.57,0.0009420276656584058
2022-03-15,09:06:54,51.3,21.61,5000999.44,0.0009420543408342194
2022-03-15,09:06:54,51.42,21.62,5000999.49,0.0009420623405241794
2022-03-15,09:06:54,51.6,21.62,5000999.42,0.0009420943592087406
2022-03-15,09:06:54,51.7,21.62,5000999.54,0.0009420543596149501
2022-03-15,09:06:54,51.83,21.62,5000999.11,0.0009421903714890589
2022-03-15,09:06:54,52.0,21.62,5000999.15,0.0009421503945273063
2022-03-15,09:06:54,52.12,21.62,5000999.29,0.000942121027164047
2022-03-15,09:06:55,52.3,21.62,5000999.28,0.0009421263719699019
2022-03-15,09:06:55,52.4,21.62,5000999.36,0.0009421690450823801
2022-03-15,09:06:55,52.53,21.62,5000999.21,0.0009422250502588882
2022-03-15,09:06:55,52.7,21.62,5000999.01,0.0009422383821149198
2022-03-15,09:06:55,52.82,21.62,5000998.97,0.0009422943923496877
2022-03-15,09:06:55,53.0,21.62,5000999.05,0.0009422703908723025
2022-03-15,09:06:55,53.1,21.62,5000999.0,0.0009422303887637968
2022-03-15,09:06:56,53.24,21.62,5000999.12,0.0009421636978962079
2022-03-15,09:06:56,53.4,21.62,5000999.12,0.0009421743775226113
2022-03-15,09:06:56,53.52,21.62,5000998.9,0.0009422677337305742
2022-03-15,09:06:56,53.7,21.62,5000998.85,0.0009423610912521767
2022-03-15,09:06:56,53.8,21.62,5000998.94,0.0009422597356054694
2022-03-15,09:06:56,53.94,21.62,5000998.94,0.0009422730512194612
2022-03-15,09:06:56,54.1,21.63,5000999.04,0.0009422970577391004
2022-03-15,09:06:56,54.22,21.63,5000999.21,0.0009422410402038928
2022-03-15,09:06:57,54.4,21.63,5000999.15,0.0009421743591413395
2022-03-15,09:06:57,54.5,21.63,5000999.25,0.0009421956869256272
2022-03-15,09:06:57,54.64,21.63,5000999.41,0.0009421930271614086
2022-03-15,09:06:57,54.8,21.63,5000999.15,0.000942219701135056
2022-03-15,09:06:57,54.92,21.63,5000999.28,0.0009422197023329544
2022-03-15,09:06:57,55.1,21.63,5000999.37,0.0009421530289031217
2022-03-15,09:06:57,55.2,21.63,5000999.27,0.0009421103593608815
2022-03-15,09:06:58,55.34,21.63,5000999.22,0.0009421850388045521
2022-03-15,09:06:58,55.5,21.63,5000999.31,0.0009420836832602521
2022-03-15,09:06:58,55.62,21.63,5000999.21,0.0009421236941529876
2022-03-15,09:06:58,55.8,21.63,5000999.27,0.0009422063782264669
2022-03-15,09:06:58,55.9,21.63,5000999.12,0.0009422677232903075
2022-03-15,09:06:58,56.04,21.63,5000999.15,0.0009422757191785597
2022-03-15,09:06:58,56.2,21.63,5000999.34,0.0009421370335035994
2022-03-15,09:06:59,56.32,21.63,5000999.6,0.0009419529916260039
2022-03-15,09:06:59,56.5,21.63,5000999.76,0.0009419343286748527
2022-03-15,09:06:59,56.6,21.64,5000999.94,0.0009419636573555355
2022-03-15,09:06:59,56.8,21.64,5000999.73,0.0009419663271594579
2022-03-15,09:06:59,56.9,21.64,5000999.77,0.000941955675130559
2022-03-15,09:06:59,57.03,21.64,5000999.87,0.000941934327159629
2022-03-15,09:06:59,57.2,21.64,5000999.76,0.0009418916477899538
2022-03-15,09:07:00,57.3,21.64,5000999.53,0.000941968998448251
2022-03-15,09:07:00,57.5,21.64,5000999.61,0.000941987667611265
2022-03-15,09:07:00,57.6,21.64,5000999.48,0.0009421050340248307
2022-03-15,09:07:00,57.72,21.64,5000999.18,0.0009422357185585824
2022-03-15,09:07:00,57.9,21.64,5000999.32,0.0009422063496870981
2022-03-15,09:07:00,58.0,21.64,5000999.47,0.0009421956751040225
2022-03-15,09:07:00,58.14,21.64,5000999.25,0.0009423183673512185
2022-03-15,09:07:01,58.3,21.64,5000999.05,0.0009424383650076876
2022-03-15,09:07:01,58.42,21.64,5000998.93,0.0009424276640677681
2022-03-15,09:07:01,58.6,21.64,5000998.95,0.0009426303307146771
2022-03-15,09:07:01,58.7,21.64,5000998.94,0.0009426276934160791
2022-03-15,09:07:01,58.84,21.64,5000999.37,0.0009423529600128717
2022-03-15,09:07:01,59.0,21.64,5000999.13,0.0009424382915003811
2022-03-15,09:07:01,59.12,21.65,5000998.97,0.0009426783250916851
2022-03-15,09:07:02,59.3,21.65,5000999.03,0.0009426596370829032
2022-03-15,09:07:02,59.4,21.65,5000999.22,0.0009427102986802601
2022-03-15,09:07:02,59.54,21.65,5000999.15,0.0009426969554324858
2022-03-15,09:07:02,59.7,21.65,5000999.07,0.0009427183070712204
2022-03-15,09:07:02,59.82,21.65,5000999.19,0.0009427049675989966
2022-03-15,09:07:02,60.0,21.65,5000999.05,0.0009427609915295855
2022-03-15,09:07:02,60.1,21.65,5000999.11,0.0009426196662253198
2022-03-15,09:07:03,60.23,21.65,5000998.91,0.0009426730303234204
2022-03-15,09:07:03,60.4,21.65,5000998.96,0.0009427023338461621
2022-03-15,09:07:03,60.52,21.65,5000999.25,0.0009428489345210003
2022-03-15,09:07:03,60.7,21.65,5000999.27,0.0009428596016041171
2022-03-15,09:07:03,60.8,21.65,5000999.12,0.0009428889251870716
2022-03-15,09:07:03,60.93,21.65,5000999.41,0.0009427875545106349
2022-03-15,09:07:03,61.1,21.65,5000999.39,0.0009428222318319259
2022-03-15,09:07:03,61.22,21.65,5000999.3,0.0009427235987242769
2022-03-15,09:07:04,61.4,21.66,5000999.51,0.0009425315869766481
2022-03-15,09:07:04,61.5,21.66,5000999.33,0.0009425049595887132
2022-03-15,09:07:04,61.64,21.66,5000999.23,0.0009424116623427915
2022-03-15,09:07:04,61.81,21.66,5000999.57,0.0009422169644990776
2022-03-15,09:07:04,61.94,21.66,5000999.95,0.0009419849797118903
2022-03-15,09:07:04,62.09,21.66,5001000.08,0.0009417743091486206
2022-03-15,09:07:04,62.23,21.66,5001000.42,0.0009415503049015791
2022-03-15,09:07:05,62.4,21.66,5001000.61,0.0009413769810209555
2022-03-15,09:07:05,62.5,21.66,5001000.49,0.0009412249816188426
2022-03-15,09:07:05,62.7,21.66,5001000.82,0.0009410356436037679
2022-03-15,09:07:05,62.8,21.66,5001001.07,0.00094085430266793
2022-03-15,09:07:05,62.93,21.66,5001001.37,0.0009406809562587287
2022-03-15,09:07:05,63.1,21.66,5001001.65,0.0009404809648728425
2022-03-15,09:07:05,63.2,21.66,5001001.6,0.0009403609726254899
2022-03-15,09:07:06,63.34,21.66,5001001.43,0.000940272999054126
2022-03-15,09:07:06,63.5,21.66,5001001.53,0.0009401476847075669
2022-03-15,09:07:06,63.62,21.66,5001001.55,0.0009400277264508553
2022-03-15,09:07:06,63.8,21.66,5001001.49,0.0009399130790109486
2022-03-15,09:07:06,63.9,21.66,5001001.73,0.0009397424251363433
2022-03-15,09:07:06,64.1,21.67,5001001.95,0.0009396064325783456
2022-03-15,09:07:06,64.2,21.67,5001001.58,0.000939534468237302
2022-03-15,09:07:07,64.33,21.67,5001001.86,0.0009392331296502703
2022-03-15,09:07:07,64.5,21.67,5001002.23,0.0009390650723986449
2022-03-15,09:07:07,64.62,21.67,5001002.69,0.0009388384374141491
2022-03-15,09:07:07,64.8,21.67,5001002.93,0.0009385184288171329
2022-03-15,09:07:07,64.9,21.67,5001002.84,0.0009383691392754241
2022-03-15,09:07:07,65.03,21.67,5001003.05,0.0009382091279558448
2022-03-15,09:07:07,65.2,21.67,5001003.27,0.0009380118241172447
2022-03-15,09:07:08,65.32,21.67,5001003.6,0.0009376331761055655
2022-03-15,09:07:08,65.5,21.67,5001003.51,0.0009374758321551692
2022-03-15,09:07:08,65.6,21.67,5001004.02,0.0009371185440025451
2022-03-15,09:07:08,65.73,21.67,5001004.11,0.0009370438674484872
2022-03-15,09:07:08,65.9,21.67,5001003.87,0.0009368572220874062
2022-03-15,09:07:08,66.0,21.67,5001004.48,0.0009366385415203732
2022-03-15,09:07:08,66.2,21.67,5001004.55,0.0009363265572656877
2022-03-15,09:07:09,66.3,21.67,5001004.44,0.0009362732661197476
2022-03-15,09:07:09,66.43,21.68,5001004.49,0.0009359799421812279
2022-03-15,09:07:09,66.6,21.68,5001004.79,0.0009356999555641309
2022-03-15,09:07:09,66.72,21.68,5001005.05,0.0009354919698601194
2022-03-15,09:07:09,66.9,21.68,5001005.17,0.0009353132966075682
2022-03-15,09:07:09,67.0,21.68,5001005.56,0.0009350652589665652
2022-03-15,09:07:09,67.14,21.68,5001005.83,0.0009349745667463167
2022-03-15,09:07:10,67.3,21.68,5001005.86,0.0009349025862203057
2022-03-15,09:07:10,67.42,21.68,5001005.86,0.0009347399545573139
2022-03-15,09:07:10,67.6,21.68,5001006.01,0.0009344013432836844
2022-03-15,09:07:10,67.7,21.68,5001006.21,0.0009341880160699909
2022-03-15,09:07:10,67.84,21.68,5001006.21,0.0009341346996765431
2022-03-15,09:07:10,68.0,21.68,5001006.18,0.0009340840157975506
2022-03-15,09:07:10,68.12,21.68,5001006.07,0.0009340306943879869
2022-03-15,09:07:11,68.3,21.68,5001006.18,0.0009341400345328581
2022-03-15,09:07:11,68.4,21.69,5001006.13,0.0009341800315255243
2022-03-15,09:07:11,68.6,21.69,5001006.69,0.0009338999460648423
2022-03-15,09:07:11,68.7,21.69,5001006.66,0.0009339132467717857
2022-03-15,09:07:11,68.82,21.69,5001006.57,0.0009339639878501591
2022-03-15,09:07:11,69.0,21.69,5001006.05,0.0009341426925393379
2022-03-15,09:07:11,69.1,21.69,5001005.54,0.0009343854295849434
2022-03-15,09:07:12,69.3,21.69,5001004.94,0.0009345535037462601
2022-03-15,09:07:12,69.4,21.69,5001004.13,0.0009346789452583596
2022-03-15,09:07:12,69.53,21.69,5001003.19,0.0009349031012437535
2022-03-15,09:07:12,69.7,21.69,5001002.3,0.0009350445617320553
2022-03-15,09:07:12,69.8,21.69,5001001.4,0.0009351833700698875
2022-03-15,09:07:12,70.0,21.69,5001000.59,0.0009353061764948127
2022-03-15,09:07:12,70.1,21.7,5000999.79,0.0009354796357403439
2022-03-15,09:07:12,70.22,21.7,5000999.02,0.0009356237379399841
2022-03-15,09:07:13,70.4,21.7,5000998.27,0.0009359091614457616
2022-03-15,09:07:13,70.5,21.7,5000997.47,0.0009361785930070837
2022-03-15,09:07:13,70.7,21.7,5000996.68,0.0009364266856446118
2022-03-15,09:07:13,70.8,21.7,5000996.12,0.0009365334135850984
2022-03-15,09:07:13,70.92,21.7,5000995.45,0.0009368215008626571
2022-03-15,09:07:13,71.1,21.7,5000994.94,0.000937010866507301
2022-03-15,09:07:13,71.2,21.7,5000994.44,0.0009372029531445275
2022-03-15,09:07:14,71.4,21.7,5000994.11,0.0009373202705618091
2022-03-15,09:07:14,71.5,21.7,5000993.55,0.0009375950388839889
2022-03-15,09:07:14,71.62,21.7,5000993.2,0.000937709736097513
2022-03-15,09:07:14,71.8,21.71,5000992.91,0.0009379684249439263
2022-03-15,09:07:14,71.9,21.71,5000992.75,0.0009380751001831437
2022-03-15,09:07:14,72.1,21.71,5000992.13,0.0009383151348722666
2022-03-15,09:07:14,72.2,21.71,5000991.92,0.0009385605106919986
2022-03-15,09:07:15,72.32,21.71,5000991.59,0.0009386645136536551
2022-03-15,09:07:15,72.5,21.71,5000991.06,0.0009389179188403463
2022-03-15,09:07:15,72.6,21.71,5000990.59,0.0009392033014668814
2022-03-15,09:07:15,72.8,21.71,5000990.29,0.0009392966287621423
2022-03-15,09:07:15,72.9,21.71,5000989.95,0.0009395366582415517
2022-03-15,09:07:15,73.02,21.71,5000989.58,0.0009397286932922127
2022-03-15,09:07:15,73.2,21.71,5000989.44,0.0009400033612710898
2022-03-15,09:07:16,73.3,21.71,5000989.48,0.000940027303873933
2022-03-15,09:07:16,73.5,21.71,5000989.13,0.0009403419636309785
2022-03-15,09:07:16,73.6,21.71,5000989.04,0.0009406272883605085
2022-03-15,09:07:16,73.72,21.72,5000988.42,0.0009410166379363109
2022-03-15,09:07:16,73.9,21.72,5000988.39,0.0009412539034835752
2022-03-15,09:07:16,74.0,21.72,5000987.91,0.0009416912547069082
2022-03-15,09:07:16,74.2,21.72,5000987.64,0.0009420512595268836
2022-03-15,09:07:17,74.3,21.72,5000987.63,0.0009421738852007624
2022-03-15,09:07:17,74.42,21.72,5000987.29,0.00094246187701449
2022-03-15,09:07:17,74.6,21.72,5000987.14,0.0009427711949442684
2022-03-15,09:07:17,74.72,21.72,5000986.91,0.0009430938664638809
2022-03-15,09:07:17,74.9,21.72,5000986.77,0.0009433791933393987
2022-03-15,09:07:17,75.0,21.72,5000986.44,0.0009435258504492716
2022-03-15,09:07:17,75.13,21.72,5000986.63,0.0009436537985683961
2022-03-15,09:07:18,75.3,21.72,5000986.76,0.000943856443017562
2022-03-15,09:07:18,75.42,21.72,5000986.77,0.0009439791013850213
2022-03-15,09:07:18,75.6,21.72,5000985.83,0.0009443524435662629
2022-03-15,09:07:18,75.7,21.72,5000985.83,0.0009447097533289442
2022-03-15,09:07:18,75.83,21.72,5000985.67,0.0009449897002445519
2022-03-15,09:07:18,76.0,21.73,5000985.95,0.0009451229743172497
2022-03-15,09:07:18,76.12,21.73,5000985.97,0.0009453415803081968
2022-03-15,09:07:19,76.3,21.73,5000986.51,0.0009453814176712482
2022-03-15,09:07:19,76.4,21.73,5000986.99,0.0009455813015265892
2022-03-15,09:07:19,76.53,21.73,5000987.8,0.0009457064765346862
2022-03-15,09:07:19,76.7,21.73,5000988.37,0.0009459250032599625
2022-03-15,09:07:19,76.82,21.73,5000989.23,0.0009459701340724102
2022-03-15,09:07:19,77.0,21.73,5000990.09,0.0009461033115988904
2022-03-15,09:07:19,77.1,21.73,5000990.94,0.0009461804797983969
2022-03-15,09:07:20,77.23,21.73,5000991.77,0.0009462043111701478
2022-03-15,09:07:20,77.4,21.73,5000992.5,0.0009461641880322277
2022-03-15,09:07:20,77.52,21.73,5000993.29,0.0009462093825748862
2022-03-15,09:07:20,77.7,21.74,5000994.07,0.0009462279043506606
2022-03-15,09:07:20,77.8,21.74,5000994.42,0.0009463611420137116
2022-03-15,09:07:20,77.93,21.74,5000995.18,0.0009463316555687228
2022-03-15,09:07:20,78.1,21.74,5000995.39,0.0009465155913405498
2022-03-15,09:07:20,78.22,21.74,5000995.83,0.0009465821522641427
2022-03-15,09:07:21,78.4,21.74,5000996.13,0.0009466887031505573
2022-03-15,09:07:21,78.5,21.74,5000996.47,0.0009467419766895467
2022-03-15,09:07:21,78.63,21.74,5000996.45,0.0009469872725549644
2022-03-15,09:07:21,78.8,21.74,5000996.63,0.000947128573997249
2022-03-15,09:07:21,78.92,21.74,5000996.66,0.0009472351651863475
2022-03-15,09:07:21,79.1,21.74,5000997.17,0.0009473204198105737
2022-03-15,09:07:21,79.2,21.74,5000997.48,0.0009474030070469101
2022-03-15,09:07:22,79.33,21.75,5000997.45,0.0009476002810104304
2022-03-15,09:07:22,79.5,21.75,5000997.74,0.0009477602277841401
2022-03-15,09:07:22,79.62,21.75,5000997.91,0.0009478961566603217
2022-03-15,09:07:22,79.8,21.75,5000997.97,0.000948090782082893
2022-03-15,09:07:22,79.9,21.75,5000998.19,0.0009481440329803673
2022-03-15,09:07:22,80.03,21.75,5000998.51,0.0009482533356917215
2022-03-15,09:07:22,80.2,21.75,5000998.69,0.000948274616808262
2022-03-15,09:07:23,80.33,21.75,5000998.55,0.000948394610393202
2022-03-15,09:07:23,80.5,21.75,5000998.8,0.0009484878975226967
2022-03-15,09:07:23,80.6,21.75,5000999.05,0.0009485091913436137
2022-03-15,09:07:23,80.74,21.75,5000999.65,0.0009483224404460517
2022-03-15,09:07:23,80.9,21.75,5000999.39,0.0009483277600363902
2022-03-15,09:07:23,81.03,21.75,5000999.77,0.0009483384054374005
2022-03-15,09:07:23,81.2,21.75,5001000.0,0.0009483250431396149
2022-03-15,09:07:24,81.3,21.76,5000999.99,0.000948303690089708
2022-03-15,09:07:24,81.44,21.76,5001000.05,0.0009482689948026947
2022-03-15,09:07:24,81.6,21.76,5001000.23,0.0009482102842626222
2022-03-15,09:07:24,81.73,21.76,5001000.79,0.0009481302471436035
2022-03-15,09:07:24,81.9,21.76,5001001.02,0.0009480048629566494
2022-03-15,09:07:24,82.0,21.76,5001001.23,0.0009479541687746104
2022-03-15,09:07:24,82.2,21.76,5001001.13,0.0009479968306644064
2022-03-15,09:07:25,82.3,21.76,5001001.22,0.0009481008414143294
2022-03-15,09:07:25,82.42,21.76,5001000.84,0.0009482981696581373
2022-03-15,09:07:25,82.6,21.76,5001001.0,0.000948287474676743
2022-03-15,09:07:25,82.7,21.76,5001001.05,0.0009483514721365654
2022-03-15,09:07:25,82.84,21.76,5001001.34,0.0009481567850794826
2022-03-15,09:07:25,83.0,21.76,5001001.73,0.0009481381032260626
2022-03-15,09:07:25,83.12,21.76,5001001.95,0.0009480980402793538
2022-03-15,09:07:26,83.3,21.76,5001001.87,0.0009481193768702348
2022-03-15,09:07:26,83.4,21.76,5001002.31,0.0009480046519087184
2022-03-15,09:07:26,83.6,21.76,5001002.52,0.0009479859712878631
2022-03-15,09:07:26,83.7,21.76,5001002.48,0.0009479086027284784
2022-03-15,09:07:26,83.83,21.77,5001002.36,0.0009479859407288134
2022-03-15,09:07:26,84.0,21.77,5001002.47,0.0009480019300060997
2022-03-15,09:07:26,84.1,21.77,5001002.39,0.0009480365972972574
2022-03-15,09:07:27,84.3,21.77,5001002.43,0.000948017928092643
2022-03-15,09:07:27,84.4,21.77,5001002.55,0.0009480472315957905
2022-03-15,09:07:27,84.52,21.77,5001002.33,0.0009481352406052207
2022-03-15,09:07:27,84.7,21.77,5001002.53,0.0009481405501655225
2022-03-15,09:07:27,84.8,21.77,5001002.44,0.000948220548210603
2022-03-15,09:07:27,84.93,21.77,5001002.26,0.0009483112307749432
2022-03-15,09:07:27,85.1,21.77,5001002.63,0.0009482605464469792
2022-03-15,09:07:27,85.22,21.77,5001002.59,0.000948217864210612
2022-03-15,09:07:28,85.4,21.77,5001002.4,0.0009483432204528938
2022-03-15,09:07:28,85.5,21.77,5001002.45,0.0009483111990974303
2022-03-15,09:07:28,85.64,21.77,5001002.51,0.0009483458537392238
2022-03-15,09:07:28,85.8,21.77,5001002.54,0.0009483565169966764
2022-03-15,09:07:28,85.92,21.77,5001002.36,0.0009484765347564997
2022-03-15,09:07:28,86.1,21.77,5001002.15,0.0009486365534327777
2022-03-15,09:07:28,86.2,21.77,5001001.96,0.0009487298858779437
2022-03-15,09:07:29,86.34,21.77,5001002.01,0.0009487085440986867
2022-03-15,09:07:29,86.5,21.77,5001002.29,0.0009485431530341752
2022-03-15,09:07:29,86.64,21.78,5001002.51,0.00094856981054076
2022-03-15,09:07:29,86.8,21.78,5001002.81,0.0009484150939824766
2022-03-15,09:07:29,86.92,21.78,5001002.85,0.0009484257837327355
2022-03-15,09:07:29,87.1,21.78,5001002.97,0.000948412425337513
2022-03-15,09:07:29,87.2,21.78,5001002.72,0.0009484790951965455
2022-03-15,09:07:30,87.33,21.78,5001002.8,0.0009485297668356809
2022-03-15,09:07:30,87.5,21.78,5001002.48,0.000948708443474705
2022-03-15,09:07:30,87.62,21.78,5001002.43,0.0009487617798904821
2022-03-15,09:07:30,87.8,21.78,5001002.14,0.0009488951370680496
2022-03-15,09:07:30,87.9,21.78,5001001.79,0.0009490338230345838
2022-03-15,09:07:30,88.04,21.78,5001001.84,0.0009489565001391037
2022-03-15,09:07:30,88.2,21.78,5001001.99,0.00094908450251069
2022-03-15,09:07:31,88.32,21.78,5001001.81,0.0009492551818603748
2022-03-15,09:07:31,88.5,21.78,5001002.08,0.0009490657511982913
2022-03-15,09:07:31,88.6,21.78,5001001.62,0.0009492284576169805
2022-03-15,09:07:31,88.74,21.78,5001001.63,0.0009493084730091022
2022-03-15,09:07:31,88.9,21.78,5001001.6,0.0009494364879654864
2022-03-15,09:07:31,89.02,21.78,5001001.05,0.0009496738522379796
2022-03-15,09:07:31,89.2,21.78,5001001.15,0.0009496844979724233
2022-03-15,09:07:32,89.3,21.79,5001001.27,0.0009497164979845035
2022-03-15,09:07:32,89.5,21.79,5001001.4,0.0009495778155343451
2022-03-15,09:07:32,89.6,21.79,5001001.5,0.0009496284834091541
2022-03-15,09:07:32,89.73,21.79,5001001.55,0.0009495271298586385
2022-03-15,09:07:32,89.9,21.79,5001001.57,0.0009496151349053245
2022-03-15,09:07:32,90.0,21.79,5001001.29,0.0009496951491833043
2022-03-15,09:07:32,90.2,21.79,5001001.46,0.0009495831185793148
2022-03-15,09:07:33,90.3,21.79,5001001.35,0.0009496524607873756
2022-03-15,09:07:33,90.43,21.79,5001001.31,0.0009496711654476011
2022-03-15,09:07:33,90.6,21.79,5001001.37,0.0009496578234772339
2022-03-15,09:07:33,90.7,21.79,5001001.2,0.0009496471501182105
2022-03-15,09:07:33,90.9,21.79,5001001.36,0.0009496124601242056
2022-03-15,09:07:33,91.0,21.79,5001001.45,0.0009496871358829046
2022-03-15,09:07:33,91.12,21.79,5001001.57,0.0009496284582448549
2022-03-15,09:07:34,91.3,21.79,5000999.28,0.0009502312615225499
2022-03-15,09:07:34,91.4,21.79,5000999.02,0.0009503699647838172
2022-03-15,09:07:34,91.54,21.79,5000999.71,0.000950538004748968
2022-03-15,09:07:34,91.7,21.79,5000999.59,0.0009504686626881005
2022-03-15,09:07:34,91.82,21.79,5000999.87,0.0009503593054641023
2022-03-15,09:07:34,92.0,21.79,5001000.03,0.0009503592991050362
2022-03-15,09:07:34,92.1,21.8,5000999.83,0.0009502873387629533
2022-03-15,09:07:35,92.3,21.8,5000999.8,0.000950268666923621
2022-03-15,09:07:35,92.4,21.8,5000999.79,0.000950348672489404
2022-03-15,09:07:35,92.53,21.8,5000999.58,0.0009503966831104142
2022-03-15,09:07:35,92.7,21.8,5000999.88,0.0009501992946333754
2022-03-15,09:07:35,92.8,21.8,5001000.23,0.0009501192714634834
2022-03-15,09:07:35,93.0,21.8,5001000.46,0.0009500045872089654
2022-03-15,09:07:35,93.1,21.8,5001000.83,0.0009498152173262122
2022-03-15,09:07:35,93.22,21.8,5001001.33,0.0009497165298696996
2022-03-15,09:07:36,93.4,21.8,5001001.38,0.0009496285031703432
2022-03-15,09:07:36,93.5,21.8,5001001.26,0.000949713857129731
2022-03-15,09:07:36,93.64,21.8,5001001.19,0.0009496791747364191
2022-03-15,09:07:36,93.8,21.8,5001001.19,0.000949620493504734
2022-03-15,09:07:36,93.92,21.8,5001001.29,0.000949735170021486
2022-03-15,09:07:36,94.1,21.8,5001001.29,0.0009497378209477127
2022-03-15,09:07:36,94.2,21.8,5001001.65,0.0009496311288688667
2022-03-15,09:07:37,94.34,21.8,5001001.52,0.0009496684686973077
2022-03-15,09:07:37,94.5,21.8,5001001.79,0.000949436445213524
2022-03-15,09:07:37,94.62,21.8,5001001.65,0.0009495724674802596
2022-03-15,09:07:37,94.8,21.81,5001001.72,0.0009496204629009603
2022-03-15,09:07:37,94.9,21.81,5001001.98,0.0009494470840528777
2022-03-15,09:07:37,95.1,21.81,5001002.03,0.0009494657368235572
2022-03-15,09:07:37,95.2,21.81,5001002.21,0.0009494257599923858
2022-03-15,09:07:38,95.33,21.81,5001002.19,0.0009494257638842058
2022-03-15,09:07:38,95.5,21.81,5001001.63,0.0009496231501686491
2022-03-15,09:07:38,95.6,21.81,5001001.93,0.000949303087433156
2022-03-15,09:07:38,95.8,21.81,5001001.87,0.0009494044424119484
2022-03-15,09:07:38,95.9,21.81,5001002.11,0.0009493617703416855
2022-03-15,09:07:38,96.03,21.81,5001002.39,0.0009492123969145221
2022-03-15,09:07:38,96.2,21.81,5001002.33,0.0009492230740938709
2022-03-15,09:07:39,96.32,21.81,5001002.32,0.0009492123994351031
2022-03-15,09:07:39,96.5,21.81,5001002.53,0.0009491163743887449
2022-03-15,09:07:39,96.6,21.81,5001002.71,0.0009490656925584593
2022-03-15,09:07:39,96.74,21.81,5001002.87,0.0009490470069273883
2022-03-15,09:07:39,96.9,21.81,5001002.85,0.0009490843365449731
2022-03-15,09:07:39,97.02,21.81,5001002.63,0.0009491483415900298
2022-03-15,09:07:39,97.2,21.82,5001002.57,0.0009491510051836897
2022-03-15,09:07:40,97.3,21.82,5001002.55,0.0009491990070695755
2022-03-15,09:07:40,97.43,21.82,5001002.61,0.0009492896897432554
2022-03-15,09:07:40,97.6,21.82,5001002.61,0.0009493030267508485
2022-03-15,09:07:40,97.7,21.82,5001002.81,0.0009491296608454429
2022-03-15,09:07:40,97.9,21.82,5001002.46,0.0009492283469376726
2022-03-15,09:07:40,98.0,21.82,5001003.11,0.000949433728138779
2022-03-15,09:07:40,98.13,21.82,5001002.67,0.0009495564172172034
2022-03-15,09:07:41,98.3,21.82,5001003.9,0.0009486148511644953
2022-03-15,09:07:41,98.42,21.82,5001004.26,0.000948545478816158
2022-03-15,09:07:41,98.6,21.82,5001004.09,0.000948582817366182
2022-03-15,09:07:41,98.7,21.82,5001003.96,0.0009486681701127475
2022-03-15,09:07:41,98.84,21.82,5001003.69,0.0009488041797360134
2022-03-15,09:07:41,99.0,21.82,5001003.75,0.00094880950449555
2022-03-15,09:07:41,99.12,21.82,5001004.06,0.0009488281347399022
2022-03-15,09:07:42,99.3,21.82,5001004.44,0.000948673426949819
2022-03-15,09:07:42,99.4,21.82,5001004.87,0.0009484334287102979
2022-03-15,09:07:42,99.53,21.82,5001005.0,0.0009483080611504535
2022-03-15,09:07:42,99.7,21.83,5001005.01,0.0009483613773669483
2022-03-15,09:07:42,99.82,21.83,5001005.08,0.0009483773728667799
2022-03-15,09:07:42,100.0,21.83,5001005.07,0.0009483800225924304
2022-03-15,09:07:42,100.1,21.83,5001004.87,0.0009484973852915532
2022-03-15,09:07:43,100.24,21.83,5001004.73,0.0009484920631133916
2022-03-15,09:07:43,100.4,21.83,5001004.55,0.0009485747411007487
2022-03-15,09:07:43,100.52,21.83,5001004.65,0.0009486067459673308
2022-03-15,09:07:43,100.7,21.83,5001004.47,0.0009485827685097034
2022-03-15,09:07:43,100.8,21.83,5001004.4,0.0009485347505296456
2022-03-15,09:07:43,100.94,21.83,5001004.51,0.0009485347556071115
2022-03-15,09:07:43,101.1,21.83,5001004.45,0.0009486601205391421
2022-03-15,09:07:43,101.22,21.83,5001004.04,0.0009488148081368027
2022-03-15,09:07:44,101.4,21.83,5001004.24,0.0009486841144867358
2022-03-15,09:07:44,101.5,21.83,5001003.85,0.0009488361386758169
2022-03-15,09:07:44,101.63,21.83,5001004.05,0.0009487267816699864
2022-03-15,09:07:44,101.8,21.83,5001004.34,0.000948681437422429
2022-03-15,09:07:44,101.92,21.83,5001004.47,0.000948668086553767
2022-03-15,09:07:44,102.1,21.83,5001004.59,0.0009486840897065359
2022-03-15,09:07:44,102.2,21.83,5001004.56,0.0009486547496464383
2022-03-15,09:07:45,102.4,21.83,5001004.85,0.0009486227432758319
2022-03-15,09:07:45,102.5,21.83,5001005.27,0.0009484013200232758
2022-03-15,09:07:45,102.62,21.84,5001004.94,0.0009485186664420804
2022-03-15,09:07:45,102.8,21.84,5001005.15,0.0009484306549296607
2022-03-15,09:07:45,102.9,21.84,5001005.19,0.0009484653235131018
2022-03-15,09:07:45,103.1,21.84,5001004.83,0.000948534679814234
2022-03-15,09:07:45,103.2,21.84,5001004.89,0.0009485640034494821
2022-03-15,09:07:46,103.33,21.84,5001005.1,0.0009485106607674765
2022-03-15,09:07:46,103.5,21.84,5001005.06,0.0009485373296423044
2022-03-15,09:07:46,103.62,21.84,5001004.88,0.0009486280122717028
2022-03-15,09:07:46,103.8,21.84,5001004.87,0.0009486387047324168
2022-03-15,09:07:46,103.9,21.84,5001004.98,0.0009486520392146292
2022-03-15,09:07:46,104.03,21.84,5001005.1,0.0009485240063005682
2022-03-15,09:07:46,104.2,21.84,5001005.07,0.0009485213351126269
2022-03-15,09:07:47,104.33,21.84,5001005.39,0.0009483773033520175
2022-03-15,09:07:47,104.5,21.84,5001005.45,0.0009483399585661292
2022-03-15,09:07:47,104.6,21.84,5001005.1,0.0009484813256354905
2022-03-15,09:07:47,104.73,21.84,5001004.97,0.0009486573638851377
2022-03-15,09:07:47,104.9,21.84,5001005.25,0.0009484226547426812
2022-03-15,09:07:47,105.02,21.84,5001004.95,0.0009485426787820848
2022-03-15,09:07:47,105.2,21.84,5001005.28,0.0009484306652653704
2022-03-15,09:07:48,105.3,21.84,5001005.17,0.0009485320113010393
2022-03-15,09:07:48,105.43,21.84,5001004.97,0.0009484813459915919
2022-03-15,09:07:48,105.6,21.84,5001004.98,0.0009485080175171342
2022-03-15,09:07:48,105.72,21.84,5001005.11,0.0009485106773064556
2022-03-15,09:07:48,105.9,21.85,5001005.47,0.0009482893122613526
2022-03-15,09:07:48,106.0,21.85,5001005.23,0.0009483319868143393
2022-03-15,09:07:48,106.13,21.85,5001005.14,0.0009484360011525884
2022-03-15,09:07:49,106.3,21.85,5001005.05,0.0009484973574650878
2022-03-15,09:07:49,106.4,21.85,5001004.89,0.0009486200308131019
2022-03-15,09:07:49,106.6,21.85,5001004.56,0.000948702716306213
2022-03-15,09:07:49,106.7,21.85,5001004.19,0.0009488787707513453
2022-03-15,09:07:49,106.83,21.85,5001004.01,0.000948950781490212
2022-03-15,09:07:49,107.0,21.85,5001003.85,0.0009490441353491592
2022-03-15,09:07:49,107.12,21.85,5001003.96,0.0009490414591227146
2022-03-15,09:07:50,107.3,21.85,5001004.12,0.0009489267628402545
2022-03-15,09:07:50,107.4,21.85,5001004.15,0.0009488547607165172
2022-03-15,09:07:50,107.53,21.85,5001004.33,0.0009488974439123231
2022-03-15,09:07:50,107.7,21.85,5001004.63,0.0009488520401376089
2022-03-15,09:07:50,107.8,21.85,5001004.39,0.0009489187235734144
2022-03-15,09:07:50,108.0,21.85,5001004.51,0.0009489160512729226
2022-03-15,09:07:50,108.1,21.85,5001004.59,0.0009489080440233636
2022-03-15,09:07:50,108.22,21.85,5001004.63,0.0009488733689752754
2022-03-15,09:07:51,108.4,21.86,5001004.63,0.0009489320238149928
2022-03-15,09:07:51,108.5,21.86,5001005.03,0.000948809295280375
2022-03-15,09:07:51,108.64,21.86,5001004.97,0.0009489026021992463
2022-03-15,09:07:51,108.8,21.86,5001004.81,0.000949022618545655
2022-03-15,09:07:51,108.92,21.86,5001004.76,0.000949113282105888
2022-03-15,09:07:51,109.1,21.86,5001004.41,0.0009493425962867982
2022-03-15,09:07:51,109.2,21.86,5001004.53,0.0009493026194811787
2022-03-15,09:07:52,109.4,21.86,5001004.72,0.0009493826099996823
2022-03-15,09:07:52,109.5,21.86,5001004.15,0.0009494493214200165
2022-03-15,09:07:52,109.62,21.86,5001004.17,0.0009494333207921007
2022-03-15,09:07:52,109.8,21.86,5001004.2,0.0009494653359479614
2022-03-15,09:07:52,109.9,21.86,5001004.01,0.0009495320221566422
2022-03-15,09:07:52,110.12,21.86,5001004.17,0.0009494226635667561
2022-03-15,09:07:53,110.24,21.86,5001004.17,0.0009493666672752705
2022-03-15,09:07:53,110.37,21.86,5001004.21,0.0009493826729923553
2022-03-15,09:07:53,110.5,21.86,5001004.03,0.0009494146779762731
2022-03-15,09:07:53,110.66,21.86,5001004.17,0.0009493293363467325
2022-03-15,09:07:53,110.79,21.87,5001004.25,0.0009493799979211471
2022-03-15,09:07:53,110.94,21.87,5001004.27,0.0009493720033256967
2022-03-15,09:07:53,111.07,21.87,5001004.29,0.0009493159967838862
2022-03-15,09:07:53,111.22,21.87,5001004.27,0.000949348000456846
